id,name,title,location,hired
E01,Priya Nair,Head of Data Platform,Berlin,2021-03-01
E02,Marcus Chen,Senior Data Engineer,Berlin,2022-06-15
E03,Sofia Alvarez,Data Engineer,Lisbon,2023-09-04
E04,Jonas Weber,ML Lead,Berlin,2021-11-08
E05,Amara Okafor,ML Engineer,London,2024-01-22
E06,Liam O'Brien,ML Engineer,Remote,2024-05-13
E07,Hana Suzuki,Product Manager,London,2022-02-01
E08,Diego Fernandez,Product Designer,Lisbon,2023-04-17
E09,Elena Petrova,Security Lead,Berlin,2021-08-23
E10,Tom Baker,Security Engineer,London,2025-02-10
E11,Nadia Rahman,People Ops Manager,London,2022-09-05
E12,Oliver Grant,People Partner,Remote,2025-06-02
